{"cameraMode":{"drawMode":0,"name":"Shaded","section":"Shading Mode"},"sceneLighting":true,"audioPlay":false,"sceneViewState":{"showFog":true,"showMaterialUpdate":false,"showSkybox":true,"showFlares":true,"showImageEffects":true,"showParticleSystems":true},"in2DMode":false,"pivot":{"x":1.5173866748809815,"y":1.0490609407424927,"z":0.5570133924484253},"rotation":{"x":-0.22442400455474854,"y":-0.12617532908916474,"z":0.029348446056246759,"w":-0.965865433216095},"size":2.1156222820281984,"orthographic":false}