{"cameraMode":{"drawMode":0,"name":"Shaded","section":"Shading Mode"},"sceneLighting":true,"audioPlay":false,"sceneViewState":{"showFog":true,"showMaterialUpdate":false,"showSkybox":true,"showFlares":true,"showImageEffects":true,"showParticleSystems":true},"in2DMode":false,"pivot":{"x":0.8154902458190918,"y":0.8906610012054443,"z":0.8215373754501343},"rotation":{"x":0.11631137132644654,"y":-0.11182662099599838,"z":0.013079027645289898,"w":0.986861526966095},"size":2.27927565574646,"orthographic":false}