{"cameraMode":{"drawMode":0,"name":"Shaded","section":"Shading Mode"},"sceneLighting":true,"audioPlay":false,"sceneViewState":{"showFog":true,"showMaterialUpdate":false,"showSkybox":true,"showFlares":true,"showImageEffects":true,"showParticleSystems":true},"in2DMode":false,"pivot":{"x":0.3427157402038574,"y":0.8328796625137329,"z":2.019732713699341},"rotation":{"x":0.19574028253555299,"y":0.19992101192474366,"z":-0.04086243361234665,"w":0.9592388272285461},"size":1.9838392734527588,"orthographic":false}