{"cameraMode":{"drawMode":0,"name":"Shaded","section":"Shading Mode"},"sceneLighting":true,"audioPlay":false,"sceneViewState":{"showFog":true,"showMaterialUpdate":false,"showSkybox":true,"showFlares":true,"showImageEffects":true,"showParticleSystems":true},"in2DMode":false,"pivot":{"x":0.10899460315704346,"y":0.7974971532821655,"z":0.7145111560821533},"rotation":{"x":0.1629766970872879,"y":-0.4796297252178192,"z":0.09110444039106369,"w":0.8574177026748657},"size":3.6039371490478517,"orthographic":false}